timestamp,hostname,platform,system,release,version,machine,processor,cpu_count_logical,cpu_count_physical,cpu_freq_max,cpu_freq_current,memory_total_gb,memory_available_gb,python_version,python_implementation,cpu_brand,cpu_arch,dataset_size,dataset_name,dataset_format,filter_group_pandas_seconds,filter_group_polars_seconds,filter_group_duckdb_seconds,filter_group_fireducks_seconds,statistics_pandas_seconds,statistics_polars_seconds,statistics_duckdb_seconds,statistics_fireducks_seconds,complex_join_pandas_seconds,complex_join_polars_seconds,complex_join_duckdb_seconds,complex_join_fireducks_seconds,timeseries_pandas_seconds,timeseries_polars_seconds,timeseries_duckdb_seconds,timeseries_fireducks_seconds,script_name
2025-08-20T22:58:21.887566,TS-P350-01,Windows-11-10.0.26100-SP0,Windows,11,10.0.26100,AMD64,"Intel64 Family 6 Model 167 Stepping 1, GenuineIntel",16,8,2496.0,2496.0,31.67,13.93,3.13.3,CPython,11th Gen Intel(R) Core(TM) i7-11700 @ 2.50GHz,Unknown,10000000,synthetic_logs_10M.csv,csv,14.233315229415894,0.8965990543365479,0.7598178386688232,,21.26850962638855,1.2645838260650637,1.02508544921875,,37.76468205451965,2.783647298812866,10.720575094223022,,25.64129877090454,3.348402261734009,1.0100295543670654,,benchmark.py
2025-08-21T15:09:54.202383,WL5022,Windows-11-10.0.26100-SP0,Windows,11,10.0.26100,AMD64,"Intel64 Family 6 Model 140 Stepping 1, GenuineIntel",8,4,2995.0,2995.0,31.69,15.55,3.13.3,CPython,Unknown (cpuinfo not available),Unknown,10000000,synthetic_logs_10M.csv,csv,22.84314465522766,2.821400880813598,3.973967075347901,,44.52667927742005,4.281800031661987,4.18151330947876,,75.803551197052,6.490779876708984,22.17525100708008,,48.57589912414551,8.04357624053955,4.260440826416016,,benchmark.py
2025-08-21T18:10:27.497627,MSI,Windows-11-10.0.26100-SP0,Windows,11,10.0.26100,AMD64,"AMD64 Family 26 Model 36 Stepping 0, AuthenticAMD",20,10,2000.0,2000.0,31.12,14.79,3.13.7,CPython,AMD Ryzen AI 9 365 w/ Radeon 880M,Unknown,10000000,synthetic_logs_10M.csv,csv,16.04026699066162,0.8317615985870361,0.6685047149658203,,17.388206958770752,1.0778155326843262,0.985492706298828,,34.04199695587158,1.7732844352722168,7.442683696746826,,21.024003267288208,4.065292119979858,0.7738027572631836,,benchmark.py
2025-08-21T19:31:51.731157,MSI,Windows-11-10.0.26100-SP0,Windows,11,10.0.26100,AMD64,"AMD64 Family 26 Model 36 Stepping 0, AuthenticAMD",20,10,2000.0,2000.0,31.12,15.85,3.13.7,CPython,AMD Ryzen AI 9 365 w/ Radeon 880M,Unknown,10000000,synthetic_logs_10M.csv,csv,14.733464002609251,0.998140811920166,0.7309765815734863,,32.474724769592285,0.9778590202331544,0.7805302143096924,,32.42803382873535,1.635916233062744,7.156029939651489,,18.4051353931427,3.488015651702881,0.6398553848266602,,benchmark.py
2025-08-22T17:56:23.481844,IdeaPadS340,Windows-11-10.0.26100-SP0,Windows,11,10.0.26100,AMD64,"Intel64 Family 6 Model 126 Stepping 5, GenuineIntel",8,4,1498.0,1298.0,19.78,11.35,3.13.5,CPython,Intel(R) Core(TM) i7-1065G7 CPU @ 1.30GHz,Unknown,10000000,synthetic_logs_10M.csv,csv,42.44214129447937,3.708097219467163,4.384252309799194,,55.8444254398346,4.293246030807495,5.040548324584961,,87.54805111885071,10.17300033569336,26.96880888938904,,66.28235650062561,12.121727228164673,5.334393262863159,,benchmark.py
2025-08-23T12:54:56.599946,IdeaPadS340,Windows-11-10.0.26100-SP0,Windows,11,10.0.26100,AMD64,"Intel64 Family 6 Model 126 Stepping 5, GenuineIntel",8,4,1498.0,1298.0,19.78,10.06,3.13.5,CPython,Intel(R) Core(TM) i7-1065G7 CPU @ 1.30GHz,X86_64,10000000,synthetic_logs_10M.csv,csv,19.09801721572876,1.086634635925293,2.250473737716675,,19.41689324378968,1.808521270751953,2.849144220352173,,35.2504358291626,4.947047472000122,17.41165018081665,,22.30138182640076,5.352998495101929,4.411967277526856,,benchmark.py
2025-08-23T13:02:16.722142,IdeaPadS340,Windows-11-10.0.26100-SP0,Windows,11,10.0.26100,AMD64,"Intel64 Family 6 Model 126 Stepping 5, GenuineIntel",8,4,1498.0,1298.0,19.78,11.03,3.13.5,CPython,Intel(R) Core(TM) i7-1065G7 CPU @ 1.30GHz,X86_64,10000000,synthetic_logs_10M.csv,csv,20.41018128395081,1.387126922607422,3.0091588497161865,,19.90679097175598,2.33958387374878,3.5678718090057373,,42.96535634994507,8.604125022888184,21.032644510269165,,28.740102767944336,11.360670566558838,4.208943605422974,,benchmark.py
2025-08-23T13:30:59.662493,IdeaPadS340,Windows-11-10.0.26100-SP0,Windows,11,10.0.26100,AMD64,"Intel64 Family 6 Model 126 Stepping 5, GenuineIntel",8,4,1498.0,1298.0,19.78,9.0,3.13.5,CPython,Intel(R) Core(TM) i7-1065G7 CPU @ 1.30GHz,X86_64,10000000,synthetic_logs_10M.csv,csv,23.06667304039001,1.9407463073730469,3.780137062072754,,26.34680914878845,2.736809015274048,4.253569602966309,,52.76650214195252,7.941139221191406,29.81703019142151,,31.4084255695343,11.923282384872437,7.047132253646851,,benchmark_01.py
2025-08-23T13:59:18.701393,IdeaPadS340,Windows-11-10.0.26100-SP0,Windows,11,10.0.26100,AMD64,"Intel64 Family 6 Model 126 Stepping 5, GenuineIntel",8,4,1498.0,1298.0,19.78,13.05,3.13.5,CPython,Intel(R) Core(TM) i7-1065G7 CPU @ 1.30GHz,X86_64,10000000,synthetic_logs_10M.csv,csv,21.77450489997864,1.091132402420044,3.016385793685913,,24.765888690948486,1.628788709640503,3.5000877380371094,,49.7510449886322,7.012291669845581,26.85318660736084,,33.59150290489197,7.060774803161621,6.182720184326172,,benchmark_01.py
2025-08-23T14:22:43.200627,IdeaPadS340,Windows-11-10.0.26100-SP0,Windows,11,10.0.26100,AMD64,"Intel64 Family 6 Model 126 Stepping 5, GenuineIntel",8,4,1498.0,1298.0,19.78,9.24,3.13.5,CPython,Intel(R) Core(TM) i7-1065G7 CPU @ 1.30GHz,X86_64,10000000,synthetic_logs_10M.csv,csv,26.298269033432007,1.236097812652588,2.554391622543335,,26.95384669303894,1.864753246307373,3.0904932022094727,,50.70809888839722,5.208647012710571,22.191444396972656,,32.223599672317505,6.191266298294067,3.967043876647949,,benchmark_01.py
2025-08-23T14:34:09.004781,IdeaPadS340,Windows-11-10.0.26100-SP0,Windows,11,10.0.26100,AMD64,"Intel64 Family 6 Model 126 Stepping 5, GenuineIntel",8,4,1498.0,1298.0,19.78,9.93,3.13.5,CPython,Intel(R) Core(TM) i7-1065G7 CPU @ 1.30GHz,X86_64,10000000,synthetic_logs_10M.csv,csv,21.114686489105225,0.9709603786468506,1.5988225936889648,,20.79623985290528,1.6078503131866455,1.9137051105499268,,38.2669050693512,3.3951287269592285,12.948506593704224,,24.27316689491272,5.184882640838623,2.2325260639190674,,benchmark_01.py
2025-08-23T15:06:06.050839,IdeaPadS340,Windows-11-10.0.26100-SP0,Windows,11,10.0.26100,AMD64,"Intel64 Family 6 Model 126 Stepping 5, GenuineIntel",8,4,1498.0,1298.0,19.78,8.79,3.13.5,CPython,Intel(R) Core(TM) i7-1065G7 CPU @ 1.30GHz,X86_64,10000000,synthetic_logs_10M.csv,csv,22.235583066940308,1.055443286895752,3.568418264389038,,25.89677667617798,1.9395897388458248,3.7726430892944336,,50.63548922538757,4.036451816558838,26.801695108413696,,31.28937149047852,6.371848344802856,6.3265039920806885,,benchmark_01.py
2025-08-23T15:47:11.271812,IdeaPadS340,Windows-11-10.0.26100-SP0,Windows,11,10.0.26100,AMD64,"Intel64 Family 6 Model 126 Stepping 5, GenuineIntel",8,4,1498.0,1298.0,19.78,8.19,3.13.5,CPython,Intel(R) Core(TM) i7-1065G7 CPU @ 1.30GHz,X86_64,10000000,synthetic_logs_10M.csv,csv,25.100759744644165,1.3084793090820312,3.386126041412353,,26.38836693763733,2.5246169567108154,4.381759166717529,,48.82913827896118,6.286603689193726,29.133330583572388,,33.705870628356934,7.024341106414795,7.283143281936645,,benchmark_01.py
2025-08-23T15:56:49.712410,IdeaPadS340,Windows-11-10.0.26100-SP0,Windows,11,10.0.26100,AMD64,"Intel64 Family 6 Model 126 Stepping 5, GenuineIntel",8,4,1498.0,1298.0,19.78,8.68,3.13.5,CPython,Intel(R) Core(TM) i7-1065G7 CPU @ 1.30GHz,X86_64,10000000,synthetic_logs_10M.csv,csv,20.71231460571289,0.9487106800079346,1.77644944190979,,20.083627939224243,1.4594354629516602,2.6731135845184326,,37.25312256813049,3.712112665176392,16.540491342544556,,23.691755056381226,4.542487144470215,3.087822914123535,,benchmark_01.py
2025-08-23T17:23:16.483139,IdeaPadS340,Windows-11-10.0.26100-SP0,Windows,11,10.0.26100,AMD64,"Intel64 Family 6 Model 126 Stepping 5, GenuineIntel",8,4,1498.0,1298.0,19.78,9.36,3.13.5,CPython,Intel(R) Core(TM) i7-1065G7 CPU @ 1.30GHz,X86_64,10000000,synthetic_logs_10M.csv,csv,22.92198920249939,1.5505990982055664,4.039156913757324,,22.82112622261048,2.47940731048584,4.971136331558228,,42.15752506256104,6.117518186569214,31.29236221313477,,27.26430940628052,9.039854764938354,5.247517347335815,,benchmark_01.py
2025-08-23T17:23:14.764631,IdeaPadS340,Windows-11-10.0.26100-SP0,Windows,11,10.0.26100,AMD64,"Intel64 Family 6 Model 126 Stepping 5, GenuineIntel",8,4,1498.0,998.0,19.78,9.5,3.13.5,CPython,Intel(R) Core(TM) i7-1065G7 CPU @ 1.30GHz,X86_64,10000000,synthetic_logs_10M.csv,csv,22.83484601974488,2.710923194885254,3.900305986404419,,22.40349555015564,3.94332218170166,4.684432744979858,,41.8603744506836,12.390745639801024,19.80498433113098,,26.88155484199524,25.211690187454224,3.942915916442871,,benchmark_01.py
2025-08-23T20:59:55.331020,IdeaPadS340,Windows-11-10.0.26100-SP0,Windows,11,10.0.26100,AMD64,"Intel64 Family 6 Model 126 Stepping 5, GenuineIntel",8,4,1498.0,1298.0,19.78,7.23,3.13.5,CPython,Intel(R) Core(TM) i7-1065G7 CPU @ 1.30GHz,X86_64,10000000,synthetic_logs_10M.csv,csv,21.3086895942688,2.215770721435547,4.782213926315308,,30.85520815849304,3.075689554214477,2.5489697456359863,,50.72475624084473,5.9931628704071045,21.35491418838501,,42.45265173912048,9.486146688461304,4.255619287490845,,benchmark_01.py
2025-08-28T19:37:29.241650,StealthAI16,Windows-11-10.0.26100-SP0,Windows,11,10.0.26100,AMD64,"AMD64 Family 26 Model 36 Stepping 0, AuthenticAMD",20,10,2000.0,2000.0,31.12,13.96,3.13.7,CPython,AMD Ryzen AI 9 365 w/ Radeon 880M,X86_64,10000000,synthetic_logs_10M.csv,csv,30.133362531661987,1.5888478755950928,3.0433149337768555,,16.842097520828247,2.4086737632751465,3.552849054336548,,44.74324417114258,6.0378124713897705,26.7368061542511,,22.65623354911804,7.020197868347168,3.894986152648926,,benchmark_01.py
2025-09-07T23:13:25.432761,Inspiron3030S,Windows-11-10.0.26100-SP0,Windows,11,10.0.26100,AMD64,"Intel64 Family 6 Model 183 Stepping 1, GenuineIntel",28,20,2100.0,2100.0,63.7,50.08,3.13.7,CPython,Intel(R) Core(TM) i7-14700,X86_64,10000000,synthetic_logs_10M.csv,csv,11.070608377456663,0.8427755832672119,0.7019579410552979,,12.989454746246338,0.7147488594055176,0.7852323055267334,,16.66810369491577,1.6272830963134766,11.887486934661863,,15.99901795387268,2.694952249526977,0.7345085144042969,,benchmark.py
2025-09-08T09:57:12.384416,Inspiron3030S,Windows-11-10.0.26100-SP0,Windows,11,10.0.26100,AMD64,"Intel64 Family 6 Model 183 Stepping 1, GenuineIntel",28,20,2100.0,2100.0,63.7,50.66,3.13.7,CPython,Intel(R) Core(TM) i7-14700,X86_64,10000000,synthetic_logs_10M.csv,csv,10.667522192001345,0.7205157279968262,0.629486083984375,,13.317718505859377,0.9100408554077148,0.6937065124511719,,25.069981575012207,1.46012544631958,4.750898122787476,,16.215648412704468,2.893606185913086,0.675574779510498,,benchmark_02.py
2025-09-07T23:10:03.166889,Inspiron3030S,Windows-11-10.0.26100-SP0,Windows,11,10.0.26100,AMD64,"Intel64 Family 6 Model 183 Stepping 1, GenuineIntel",28,20,2100.0,2100.0,63.7,49.68,3.13.7,CPython,Intel(R) Core(TM) i7-14700,X86_64,10000000,synthetic_logs_10M.parquet,parquet,4.656860828399658,0.4862551689147949,0.0661902427673339,,5.169061422348023,0.3623199462890625,0.1287064552307129,,7.791057348251343,1.2431273460388184,10.999496698379517,,7.326755523681641,2.256381034851074,0.2073142528533935,,benchmark.py
2025-08-28T21:16:05.419895,StealthAI16,Windows-11-10.0.26100-SP0,Windows,11,10.0.26100,AMD64,"AMD64 Family 26 Model 36 Stepping 0, AuthenticAMD",20,10,2000.0,2000.0,31.12,21.38,3.13.7,CPython,AMD Ryzen AI 9 365 w/ Radeon 880M,X86_64,10000000,synthetic_logs_10M.csv,csv,10.766079425811768,0.6430604457855225,0.5235514640808105,,10.376254320144652,0.7841701507568359,0.5777430534362793,,23.23577451705933,1.4263803958892822,4.835437536239624,,12.861528635025024,2.4257445335388184,0.6142399311065674,,benchmark.py
2025-08-28T21:25:30.654371,StealthAI16,Windows-11-10.0.26100-SP0,Windows,11,10.0.26100,AMD64,"AMD64 Family 26 Model 36 Stepping 0, AuthenticAMD",20,10,2000.0,2000.0,31.12,21.48,3.13.7,CPython,AMD Ryzen AI 9 365 w/ Radeon 880M,X86_64,10000000,synthetic_logs_10M.csv,csv,10.411297798156738,0.8489928245544434,0.544858455657959,,14.184689283370972,0.9119322299957277,0.6311514377593994,,28.53027606010437,1.4828546047210691,5.4314844608306885,,16.99478578567505,2.9020702838897705,0.595494270324707,,benchmark_02.py
2025-08-28T21:32:52.468270,StealthAI16,Windows-11-10.0.26100-SP0,Windows,11,10.0.26100,AMD64,"AMD64 Family 26 Model 36 Stepping 0, AuthenticAMD",20,10,2000.0,2000.0,31.12,22.1,3.13.7,CPython,AMD Ryzen AI 9 365 w/ Radeon 880M,X86_64,10000000,synthetic_logs_10M.csv,csv,10.8642098903656,0.4887259006500244,0.5018346309661865,,10.918474674224854,0.6456930637359619,0.5729732513427734,,23.65578579902649,1.472970485687256,4.715117692947388,,12.967069625854492,2.397434949874878,0.5614614486694336,,benchmark_01.py
2025-08-28T21:51:27.076031,StealthAI16,Windows-11-10.0.26100-SP0,Windows,11,10.0.26100,AMD64,"AMD64 Family 26 Model 36 Stepping 0, AuthenticAMD",20,10,2000.0,2000.0,31.12,17.44,3.13.7,CPython,AMD Ryzen AI 9 365 w/ Radeon 880M,X86_64,10000000,synthetic_logs_10M.csv,csv,10.892931938171388,0.9337387084960938,0.6184041500091553,,16.52264404296875,1.068630933761597,0.7842285633087158,,41.93513584136963,1.7077629566192627,6.867380857467651,,21.080546379089355,3.2405545711517334,0.7094318866729736,,benchmark.py
2025-08-28T22:00:25.101092,StealthAI16,Windows-11-10.0.26100-SP0,Windows,11,10.0.26100,AMD64,"AMD64 Family 26 Model 36 Stepping 0, AuthenticAMD",20,10,2000.0,2000.0,31.12,17.01,3.13.7,CPython,AMD Ryzen AI 9 365 w/ Radeon 880M,X86_64,10000000,synthetic_logs_10M.csv,csv,10.59384036064148,0.8606750965118408,0.6213157176971436,,14.814608573913574,0.9913594722747804,0.692833662033081,,33.04236817359924,1.6299631595611572,7.004316091537476,,19.71615195274353,3.178678512573242,0.6773953437805176,,benchmark.py
2025-08-30T15:06:20.953771,StealthAI16,Windows-11-10.0.26100-SP0,Windows,11,10.0.26100,AMD64,"AMD64 Family 26 Model 36 Stepping 0, AuthenticAMD",20,10,2000.0,2000.0,31.12,14.7,3.13.7,CPython,AMD Ryzen AI 9 365 w/ Radeon 880M,X86_64,7000000,synthetic_logs_7M.csv,csv,7.2783777713775635,0.6534526348114014,0.4478459358215332,,10.535712242126465,0.7959675788879395,0.6134848594665527,,29.86663722991944,1.3088607788085938,4.695387601852417,,15.694180250167848,2.398226261138916,0.5140199661254883,,benchmark.py
2025-08-30T19:25:49.281430,StealthAI16,Windows-11-10.0.26100-SP0,Windows,11,10.0.26100,AMD64,"AMD64 Family 26 Model 36 Stepping 0, AuthenticAMD",20,10,2000.0,2000.0,31.12,5.1,3.13.7,CPython,AMD Ryzen AI 9 365 w/ Radeon 880M,X86_64,7000000,synthetic_logs_7M.parquet,parquet,3.822120428085327,0.2099182605743408,0.074427843093872,,4.173572778701782,0.3429503440856933,0.1056070327758789,,13.721677303314207,0.777716875076294,3.5884995460510254,,5.750462055206299,1.619016170501709,0.2687671184539795,,benchmark_modular.py
2025-09-01T08:04:45.969815,StealthAI16,Windows-11-10.0.26100-SP0,Windows,11,10.0.26100,AMD64,"AMD64 Family 26 Model 36 Stepping 0, AuthenticAMD",20,10,2000.0,2000.0,31.12,13.7,3.13.7,CPython,AMD Ryzen AI 9 365 w/ Radeon 880M,X86_64,8000000,synthetic_logs_8M.parquet,parquet,4.567044496536255,1.004624366760254,0.0883488655090332,,6.184959888458252,0.3634705543518066,0.1805717945098877,,9.142164945602415,1.4920494556427002,14.004283666610718,,8.972674369812012,2.160013437271118,0.2175681591033935,,benchmark.py
2025-09-01T22:15:29.181941,StealthAI16,Windows-11-10.0.26100-SP0,Windows,11,10.0.26100,AMD64,"AMD64 Family 26 Model 36 Stepping 0, AuthenticAMD",20,10,2000.0,2000.0,31.12,15.84,3.13.7,CPython,AMD Ryzen AI 9 365 w/ Radeon 880M,X86_64,7000000,synthetic_logs_7M.parquet,parquet,3.881308317184448,0.4978766441345215,0.06553316116333,,4.706628799438477,0.2757782936096191,0.1451890468597412,,7.850951671600342,0.9898302555084229,12.32520055770874,,7.4756200313568115,1.9005355834960933,0.2300477027893066,,benchmark.py
2025-09-01T22:18:10.850896,StealthAI16,Windows-11-10.0.26100-SP0,Windows,11,10.0.26100,AMD64,"AMD64 Family 26 Model 36 Stepping 0, AuthenticAMD",20,10,2000.0,2000.0,31.12,21.46,3.13.7,CPython,AMD Ryzen AI 9 365 w/ Radeon 880M,X86_64,10000000,synthetic_logs_10M.parquet,parquet,5.476177215576172,0.454709529876709,0.1178088188171386,,6.546702861785889,0.3905003070831299,0.1332285404205322,,8.353409051895142,1.878385305404663,19.09407210350037,,9.402962684631348,2.925030469894409,0.2257788181304931,,benchmark.py
2025-09-01T22:35:52.973121,StealthAI16,Windows-11-10.0.26100-SP0,Windows,11,10.0.26100,AMD64,"AMD64 Family 26 Model 36 Stepping 0, AuthenticAMD",20,10,2000.0,2000.0,31.12,21.1,3.13.7,CPython,AMD Ryzen AI 9 365 w/ Radeon 880M,X86_64,10000000,synthetic_logs_10M.parquet,parquet,5.409051179885864,0.4699063301086426,0.1098530292510986,,6.42372989654541,0.3236734867095947,0.1095094680786132,,9.705085515975952,1.390336275100708,15.67262887954712,,9.36410117149353,2.408907413482666,0.2055268287658691,,benchmark.py
2025-09-01T22:45:30.757161,StealthAI16,Windows-11-10.0.26100-SP0,Windows,11,10.0.26100,AMD64,"AMD64 Family 26 Model 36 Stepping 0, AuthenticAMD",20,10,2000.0,2000.0,31.12,21.72,3.13.7,CPython,AMD Ryzen AI 9 365 w/ Radeon 880M,X86_64,10000000,synthetic_logs_10M.parquet,parquet,5.358341455459595,0.495535135269165,0.0760190486907959,,6.5593581199646,0.3147356510162353,0.1164338588714599,,9.758064270019531,1.4064631462097168,16.551491498947144,,9.264259099960327,2.5383222103118896,0.2508814334869385,,benchmark.py
2025-09-02T19:28:07.702858,StealthAI16,Windows-11-10.0.26100-SP0,Windows,11,10.0.26100,AMD64,"AMD64 Family 26 Model 36 Stepping 0, AuthenticAMD",20,10,2000.0,2000.0,31.12,16.48,3.13.7,CPython,AMD Ryzen AI 9 365 w/ Radeon 880M,X86_64,10000000,synthetic_logs_10M.parquet,parquet,5.5679779052734375,1.0078368186950684,0.1403334140777588,,9.95570421218872,0.9645819664001464,0.2104060649871826,,34.24882221221924,2.012378215789795,8.9525728225708,,10.00197148323059,3.992240428924561,0.4131417274475097,,benchmark_02.py
2025-09-02T23:34:15.215812,StealthAI16,Windows-11-10.0.26100-SP0,Windows,11,10.0.26100,AMD64,"AMD64 Family 26 Model 36 Stepping 0, AuthenticAMD",20,10,2000.0,2000.0,31.12,16.5,3.13.7,CPython,AMD Ryzen AI 9 365 w/ Radeon 880M,X86_64,10000000,synthetic_logs_10M.parquet,parquet,5.621371984481812,0.7717576026916504,0.1142163276672363,,7.6838812828063965,1.2573108673095703,0.5906810760498047,,26.57099151611328,3.415395498275757,9.701380014419556,,10.882453918457031,3.4607303142547607,0.2629327774047851,,benchmark_02.py
2025-09-02T23:58:06.764702,StealthAI16,Windows-11-10.0.26100-SP0,Windows,11,10.0.26100,AMD64,"AMD64 Family 26 Model 36 Stepping 0, AuthenticAMD",20,10,2000.0,2000.0,31.12,18.07,3.13.7,CPython,AMD Ryzen AI 9 365 w/ Radeon 880M,X86_64,10000000,synthetic_logs_10M.parquet,parquet,5.565085172653198,0.3406023979187011,0.0734069347381591,,6.528319835662842,0.5583202838897705,0.1458842754364013,,23.21288537979126,1.8536036014556885,8.42591905593872,,8.824874877929688,2.8524703979492188,0.2265019416809082,,benchmark_02.py
2025-09-03T00:07:50.181131,StealthAI16,Windows-11-10.0.26100-SP0,Windows,11,10.0.26100,AMD64,"AMD64 Family 26 Model 36 Stepping 0, AuthenticAMD",20,10,2000.0,2000.0,31.12,19.84,3.13.7,CPython,AMD Ryzen AI 9 365 w/ Radeon 880M,X86_64,10000000,synthetic_logs_10M.csv,csv,15.692461967468262,0.7597610950469971,0.6249337196350098,,16.264434337615967,1.0171291828155518,0.7489521503448486,,34.07227420806885,1.8665168285369875,6.425687789916992,,20.193634748458862,3.314042806625366,0.761624813079834,,benchmark_02.py
2025-09-08T15:48:19.821175,Inspiron3030S,Windows-11-10.0.26100-SP0,Windows,11,10.0.26100,AMD64,"Intel64 Family 6 Model 183 Stepping 1, GenuineIntel",28,20,2100.0,2100.0,63.7,47.54,3.13.7,CPython,Intel(R) Core(TM) i7-14700,X86_64,10000000,synthetic_logs_10M.csv,csv,10.773492097854614,0.8250548839569092,0.6960337162017822,,13.635254383087158,0.7321863174438477,0.7733983993530273,,16.44382381439209,1.541186809539795,10.521973371505736,,16.375333070755005,2.642909526824951,0.8072624206542969,,benchmark.py
2025-09-10T18:20:20.478296,TS-P350-01,Windows-11-10.0.26100-SP0,Windows,11,10.0.26100,AMD64,"Intel64 Family 6 Model 167 Stepping 1, GenuineIntel",16,8,2496.0,2496.0,31.67,8.82,3.13.7,CPython,11th Gen Intel(R) Core(TM) i7-11700 @ 2.50GHz,X86_64,10000000,synthetic_logs_10M.csv,csv,17.931484937667847,2.22885799407959,1.911019325256348,,28.378056287765503,1.5747177600860596,1.7095394134521484,,34.14757752418518,3.7371246814727774,28.90719676017761,,33.557191610336304,4.887304782867432,1.6708855628967283,,benchmark.py
2025-09-08T15:51:09.096866,Inspiron3030S,Windows-11-10.0.26100-SP0,Windows,11,10.0.26100,AMD64,"Intel64 Family 6 Model 183 Stepping 1, GenuineIntel",28,20,2100.0,2100.0,63.7,47.52,3.13.7,CPython,Intel(R) Core(TM) i7-14700,X86_64,10000000,synthetic_logs_10M.parquet,parquet,4.580401182174683,0.4702405929565429,0.0429773330688476,,4.896709203720093,0.3551537990570068,0.1145546436309814,,7.5601208209991455,1.2082297801971436,10.545391082763672,,7.101263761520386,2.1721291542053223,0.2008061408996582,,benchmark.py
2025-09-10T19:10:15.260402,TS-P350-01,Windows-11-10.0.26100-SP0,Windows,11,10.0.26100,AMD64,"Intel64 Family 6 Model 167 Stepping 1, GenuineIntel",16,8,2496.0,2496.0,31.67,20.63,3.13.7,CPython,11th Gen Intel(R) Core(TM) i7-11700 @ 2.50GHz,X86_64,10000000,synthetic_logs_10M.parquet,parquet,6.102296829223633,0.9110283851623536,0.142885684967041,,7.007075309753418,0.8369169235229492,0.1462650299072265,,10.244953155517578,2.1614913940429688,19.86512398719788,,10.803128004074097,3.290734052658081,0.3525712490081787,,benchmark.py
2025-09-08T16:34:31.152946,Inspiron3030S,Windows-11-10.0.26100-SP0,Windows,11,10.0.26100,AMD64,"Intel64 Family 6 Model 183 Stepping 1, GenuineIntel",28,20,2100.0,2100.0,63.7,45.46,3.13.7,CPython,Intel(R) Core(TM) i7-14700,X86_64,10000000,synthetic_logs_10M.csv,csv,11.81616650000069,0.5050316999986535,0.5556405999959679,,11.551054000003203,0.7363813999982085,0.6790219999966212,,23.22712859999592,1.298860800001421,4.873344799998449,,14.275907700000973,2.4011341000004904,0.7064974999957485,,benchmark_01.py
2025-09-08T16:42:00.087576,Inspiron3030S,Windows-11-10.0.26100-SP0,Windows,11,10.0.26100,AMD64,"Intel64 Family 6 Model 183 Stepping 1, GenuineIntel",28,20,2100.0,2100.0,63.7,45.52,3.13.7,CPython,Intel(R) Core(TM) i7-14700,X86_64,10000000,synthetic_logs_10M.parquet,parquet,4.675383199995849,0.0949599000014131,0.0717837999982293,,4.714795899999444,0.2497148999973433,0.1169119999976828,,14.157740700000431,0.8708615000068676,3.2852917999989586,,7.080206600003294,1.9308557999975164,0.1864273999963188,,benchmark_01.py
2025-09-08T16:44:33.743305,Inspiron3030S,Windows-11-10.0.26100-SP0,Windows,11,10.0.26100,AMD64,"Intel64 Family 6 Model 183 Stepping 1, GenuineIntel",28,20,2100.0,2100.0,63.7,45.7,3.13.7,CPython,Intel(R) Core(TM) i7-14700,X86_64,10000000,synthetic_logs_10M.csv,csv,11.323931455612184,0.7225792407989502,0.6658363342285156,,13.737718105316162,0.8950538635253906,0.745469331741333,,25.89209270477295,1.5259764194488523,5.183668851852417,,16.869611978530884,2.9717745780944824,0.7952983379364014,,benchmark_02.py
2025-09-08T16:48:23.836550,Inspiron3030S,Windows-11-10.0.26100-SP0,Windows,11,10.0.26100,AMD64,"Intel64 Family 6 Model 183 Stepping 1, GenuineIntel",28,20,2100.0,2100.0,63.7,44.0,3.13.7,CPython,Intel(R) Core(TM) i7-14700,X86_64,10000000,synthetic_logs_10M.parquet,parquet,4.803406476974487,0.3449957370758056,0.0712580680847168,,5.044607162475586,0.4991791248321533,0.1322319507598877,,17.904419422149658,1.0497961044311523,4.022097826004028,,7.358401536941528,2.519858837127685,0.2041101455688476,,benchmark_02.py
2025-09-08T16:52:52.263335,Inspiron3030S,Windows-11-10.0.26100-SP0,Windows,11,10.0.26100,AMD64,"Intel64 Family 6 Model 183 Stepping 1, GenuineIntel",28,20,2100.0,2100.0,63.7,28.26,3.13.7,CPython,Intel(R) Core(TM) i7-14700,X86_64,10000000,synthetic_logs_10M.csv,csv,10.833203315734863,0.605318546295166,0.6167047023773193,,13.160188674926758,0.7822177410125732,0.7550957202911377,,24.74855899810791,1.2649438381195068,4.595453500747681,,16.059123277664185,2.4614603519439697,0.6734733581542969,,benchmark_modular.py
2025-09-08T16:55:27.079556,Inspiron3030S,Windows-11-10.0.26100-SP0,Windows,11,10.0.26100,AMD64,"Intel64 Family 6 Model 183 Stepping 1, GenuineIntel",28,20,2100.0,2100.0,63.7,17.94,3.13.7,CPython,Intel(R) Core(TM) i7-14700,X86_64,10000000,synthetic_logs_10M.parquet,parquet,4.71519660949707,0.2812573909759521,0.0418739318847656,,4.9684247970581055,0.4237902164459228,0.1178224086761474,,16.667503833770752,1.0678956508636477,3.4786226749420166,,7.162186861038208,2.204378366470337,0.22452974319458,,benchmark_modular.py
2025-09-08T19:00:25.842570,Inspiron3030S,Windows-11-10.0.26100-SP0,Windows,11,10.0.26100,AMD64,"Intel64 Family 6 Model 183 Stepping 1, GenuineIntel",28,20,2100.0,2100.0,63.7,20.21,3.13.7,CPython,Intel(R) Core(TM) i7-14700,X86_64,10000000,synthetic_logs_10M.parquet,parquet,4.676668600004632,0.2632538000034401,0.0759765999973751,,5.282674799993401,0.602888499997789,0.1601114999939454,,16.97697309999785,1.0945424999954412,4.069242400000803,,7.605539700001827,2.155949899999541,0.2335711999912746,,benchmark_modular.py
2025-09-08T21:35:24.106771,Inspiron3030S,Windows-11-10.0.26100-SP0,Windows,11,10.0.26100,AMD64,"Intel64 Family 6 Model 183 Stepping 1, GenuineIntel",28,20,2100.0,2100.0,63.7,18.13,3.13.7,CPython,Intel(R) Core(TM) i7-14700,X86_64,10000000,synthetic_logs_10M.parquet,parquet,4.535108299998683,0.2383346000133315,0.0816064999962691,,4.740544300002512,0.5138603999948828,0.1596124999923631,,16.07683750000433,0.8485873999889009,3.340037100002519,,7.233402999991085,2.1884259000071324,0.2648832000122638,,benchmark_modular.py
2025-09-08T21:37:55.569676,Inspiron3030S,Windows-11-10.0.26100-SP0,Windows,11,10.0.26100,AMD64,"Intel64 Family 6 Model 183 Stepping 1, GenuineIntel",28,20,2100.0,2100.0,63.7,34.63,3.13.7,CPython,Intel(R) Core(TM) i7-14700,X86_64,10000000,synthetic_logs_10M.csv,csv,10.851483600010395,0.6039553999871714,0.6064559999940684,,13.311356499994872,0.8826019000116503,0.7380820000107633,,23.68185790001008,1.302398900006665,4.715802799997618,,16.59665920000407,2.5342476000078022,0.7319833999936236,,benchmark_modular.py
2025-09-10T18:27:17.169293,TS-P350-01,Windows-11-10.0.26100-SP0,Windows,11,10.0.26100,AMD64,"Intel64 Family 6 Model 167 Stepping 1, GenuineIntel",16,8,2496.0,2496.0,31.67,18.94,3.13.7,CPython,11th Gen Intel(R) Core(TM) i7-11700 @ 2.50GHz,X86_64,10000000,synthetic_logs_10M.csv,csv,20.989068900000348,0.9515483000000132,1.163699899999756,,19.76690299999973,1.4366930000001048,1.3336688999997932,,35.36149509999996,2.803658799999994,10.650108799999998,,25.471586099999968,4.484887499999786,1.392096699999911,,benchmark_01.py
2025-09-10T18:59:11.380140,TS-P350-01,Windows-11-10.0.26100-SP0,Windows,11,10.0.26100,AMD64,"Intel64 Family 6 Model 167 Stepping 1, GenuineIntel",16,8,2496.0,2496.0,31.67,20.52,3.13.7,CPython,11th Gen Intel(R) Core(TM) i7-11700 @ 2.50GHz,X86_64,10000000,synthetic_logs_10M.csv,csv,23.187247037887573,1.229291915893555,1.2675414085388184,,23.853588581085205,1.4176576137542725,1.2312769889831543,,38.123650312423706,2.499681234359741,9.467453002929688,,26.870115280151367,5.602596521377564,1.4919767379760742,,benchmark_02.py
2025-09-10T19:07:54.845443,TS-P350-01,Windows-11-10.0.26100-SP0,Windows,11,10.0.26100,AMD64,"Intel64 Family 6 Model 167 Stepping 1, GenuineIntel",16,8,2496.0,2496.0,31.67,9.66,3.13.7,CPython,11th Gen Intel(R) Core(TM) i7-11700 @ 2.50GHz,X86_64,10000000,synthetic_logs_10M.csv,csv,15.976250999999934,0.7971496000000116,0.9883069999999634,,22.002664499999923,1.336880199999996,1.2277275000000143,,35.63401859999999,1.915158599999927,9.129865999999993,,25.57535960000007,3.715532800000005,1.3721060999999963,,benchmark_modular.py
2025-09-10T19:13:06.047310,TS-P350-01,Windows-11-10.0.26100-SP0,Windows,11,10.0.26100,AMD64,"Intel64 Family 6 Model 167 Stepping 1, GenuineIntel",16,8,2496.0,2496.0,31.67,23.01,3.13.7,CPython,11th Gen Intel(R) Core(TM) i7-11700 @ 2.50GHz,X86_64,10000000,synthetic_logs_10M.parquet,parquet,6.170031199999812,0.1048883000000842,0.0630920999999489,,6.1282194000000345,0.3954850999998598,0.1963487000000441,,20.0666996,1.4960707000000184,6.122735200000079,,8.90162220000002,2.841570099999899,0.3469417000001158,,benchmark_01.py
2025-09-10T21:53:52.939867,TS-P350-01,Windows-11-10.0.26100-SP0,Windows,11,10.0.26100,AMD64,"Intel64 Family 6 Model 167 Stepping 1, GenuineIntel",16,8,2496.0,2496.0,31.67,21.45,3.13.7,CPython,11th Gen Intel(R) Core(TM) i7-11700 @ 2.50GHz,X86_64,10000000,synthetic_logs_10M.parquet,parquet,6.469986438751221,1.142427682876587,0.121617317199707,,7.375051021575928,1.391592502593994,0.2875044345855713,,25.16819190979004,2.272526502609253,9.597084045410156,,12.81442379951477,4.301227807998657,0.479255199432373,,benchmark_02.py
2025-09-10T21:58:53.539923,TS-P350-01,Windows-11-10.0.26100-SP0,Windows,11,10.0.26100,AMD64,"Intel64 Family 6 Model 167 Stepping 1, GenuineIntel",16,8,2496.0,2496.0,31.67,4.98,3.13.7,CPython,11th Gen Intel(R) Core(TM) i7-11700 @ 2.50GHz,X86_64,10000000,synthetic_logs_10M.parquet,parquet,6.552136100001007,0.5066311000009591,0.2028315999996266,,7.09007770000062,0.8454498999999487,0.2802420000007259,,23.09816880000108,1.518445800000336,6.7551430000003165,,9.237511799999991,3.020739699999467,0.4974197999999887,,benchmark_modular.py
2025-09-12T14:21:06.497992,Legion7-16IRX9,Windows-11-10.0.26100-SP0,Windows,11,10.0.26100,AMD64,"Intel64 Family 6 Model 183 Stepping 1, GenuineIntel",32,24,2200.0,1466.0,63.71,46.39,3.13.7,CPython,Intel(R) Core(TM) i9-14900HX,X86_64,10000000,synthetic_logs_10M.csv,csv,13.896763563156128,1.1742660999298096,1.219862699508667,,63.37247943878174,0.9498891830444336,1.2267699241638184,,68.04311680793762,2.0030691623687744,31.93634796142578,,66.1892819404602,4.861126661300659,1.113055944442749,,benchmark.py
2025-09-12T14:38:06.018187,Legion7-16IRX9,Windows-11-10.0.26100-SP0,Windows,11,10.0.26100,AMD64,"Intel64 Family 6 Model 183 Stepping 1, GenuineIntel",32,24,2200.0,2200.0,63.71,30.7,3.13.7,CPython,Intel(R) Core(TM) i9-14900HX,X86_64,10000000,synthetic_logs_10M.csv,csv,11.96355449999828,0.6153539000006276,0.7791356000016094,,16.368222599998262,0.9182669000001624,0.8558042000004207,,29.20154710000133,1.2281626000003598,6.219584099999338,,19.60640129999956,2.6612094000010984,0.8819972999990568,,benchmark_modular.py
2025-09-12T14:38:26.376303,Legion7-16IRX9,Windows-11-10.0.26100-SP0,Windows,11,10.0.26100,AMD64,"Intel64 Family 6 Model 183 Stepping 1, GenuineIntel",32,24,2200.0,1466.0,63.71,44.73,3.13.7,CPython,Intel(R) Core(TM) i9-14900HX,X86_64,10000000,synthetic_logs_10M.parquet,parquet,5.061368227005005,0.4445860385894775,0.1002414226531982,,5.405125617980957,0.341205358505249,0.1408548355102539,,8.088279724121094,1.2404584884643557,13.88796877861023,,8.284104585647583,2.4931507110595703,0.2426848411560058,,benchmark.py
2025-09-12T14:45:40.654437,Legion7-16IRX9,Windows-11-10.0.26100-SP0,Windows,11,10.0.26100,AMD64,"Intel64 Family 6 Model 183 Stepping 1, GenuineIntel",32,24,2200.0,2200.0,63.71,21.69,3.13.7,CPython,Intel(R) Core(TM) i9-14900HX,X86_64,10000000,synthetic_logs_10M.parquet,parquet,5.0307458999996015,0.2799592000010307,0.0993978000005881,,5.78723429999809,0.5376643000017793,0.2346749000025738,,18.805886299996928,0.9389116999991528,4.8746353999995335,,7.893992000001162,2.383365599998797,0.2999043000017991,,benchmark_modular.py
2025-09-12T14:54:34.677606,Legion7-16IRX9,Windows-11-10.0.26100-SP0,Windows,11,10.0.26100,AMD64,"Intel64 Family 6 Model 183 Stepping 1, GenuineIntel",32,24,2200.0,2200.0,63.71,44.68,3.13.7,CPython,Intel(R) Core(TM) i9-14900HX,X86_64,10000000,synthetic_logs_10M.csv,csv,18.295403400003124,0.7652830000006361,0.8378284999998868,,21.97231169999941,1.1622537999974156,0.9177003000004332,,39.29924250000113,1.996010099999694,8.557156099999702,,27.650905299997248,4.685324300000502,0.9759266000000936,,benchmark_01.py
2025-09-12T14:58:53.252168,Legion7-16IRX9,Windows-11-10.0.26100-SP0,Windows,11,10.0.26100,AMD64,"Intel64 Family 6 Model 183 Stepping 1, GenuineIntel",32,24,2200.0,2200.0,63.71,42.78,3.13.7,CPython,Intel(R) Core(TM) i9-14900HX,X86_64,10000000,synthetic_logs_10M.csv,csv,21.34154725074768,0.9156873226165771,0.8865249156951904,,40.564382553100586,0.9846141338348388,0.8835813999176025,,32.32778573036194,1.7787351608276367,6.807371377944946,,22.193308115005493,3.218058586120605,0.8311216831207275,,benchmark_02.py
2025-09-12T15:02:36.686168,Legion7-16IRX9,Windows-11-10.0.26100-SP0,Windows,11,10.0.26100,AMD64,"Intel64 Family 6 Model 183 Stepping 1, GenuineIntel",32,24,2200.0,2200.0,63.71,43.24,3.13.7,CPython,Intel(R) Core(TM) i9-14900HX,X86_64,10000000,synthetic_logs_10M.parquet,parquet,5.2223475000027975,0.0715052000014111,0.0628527999979269,,5.357317099998909,0.2886938999981794,0.1444813000016438,,18.25573770000119,1.1176114000008963,5.112444200000027,,7.972700999998779,2.216952599999786,0.2623076000018045,,benchmark_01.py
2025-09-12T15:04:17.092859,Legion7-16IRX9,Windows-11-10.0.26100-SP0,Windows,11,10.0.26100,AMD64,"Intel64 Family 6 Model 183 Stepping 1, GenuineIntel",32,24,2200.0,2200.0,63.71,42.9,3.13.7,CPython,Intel(R) Core(TM) i9-14900HX,X86_64,10000000,synthetic_logs_10M.parquet,parquet,5.765120506286621,0.3532171249389648,0.1186845302581787,,6.24169135093689,0.5034136772155762,0.268902063369751,,19.799197912216187,1.412928581237793,5.841171026229858,,8.393985509872437,3.067946195602417,0.2811899185180664,,benchmark_02.py
2025-09-15T12:15:12.932495,WL5040,Windows-11-10.0.26100-SP0,Windows,11,10.0.26100,AMD64,"AMD64 Family 25 Model 117 Stepping 2, AuthenticAMD",16,8,4001.0,2470.0,31.28,9.0,3.13.3,CPython,AMD Ryzen 9 8945HS w/ Radeon 780M Graphics,X86_64,10000000,synthetic_logs_10M.csv,csv,29.02038097381592,2.034219741821289,2.6028623580932617,,144.33968043327332,1.353100299835205,1.5817546844482422,,155.58637690544128,2.8895952701568604,57.80701375007629,,132.16943764686584,5.726158380508423,1.5178396701812744,,benchmark.py
2025-09-15T12:28:59.038594,WL5040,Windows-11-10.0.26100-SP0,Windows,11,10.0.26100,AMD64,"AMD64 Family 25 Model 117 Stepping 2, AuthenticAMD",16,8,4001.0,2470.0,31.28,16.61,3.13.3,CPython,AMD Ryzen 9 8945HS w/ Radeon 780M Graphics,X86_64,10000000,synthetic_logs_10M.csv,csv,30.021860899985768,1.042077900026925,0.9474751999368892,,32.795952600077726,1.3460462000221014,1.217879100004211,,51.72375740006101,2.71559979999438,9.635084800072946,,35.75128580001183,5.413068699999712,1.135117799974978,,benchmark_01.py
2025-09-15T12:35:09.605321,WL5040,Windows-11-10.0.26100-SP0,Windows,11,10.0.26100,AMD64,"AMD64 Family 25 Model 117 Stepping 2, AuthenticAMD",16,8,4001.0,2470.0,31.28,15.13,3.13.3,CPython,AMD Ryzen 9 8945HS w/ Radeon 780M Graphics,X86_64,10000000,synthetic_logs_10M.csv,csv,27.582984447479248,1.1696295738220217,1.083845853805542,,127.72432017326356,1.6823582649230957,1.238499879837036,,171.54240655899048,2.5835022926330566,11.830304384231567,,157.42073559761047,6.177499532699585,1.4151496887207031,,benchmark_02.py
2025-09-15T12:55:49.428325,WL5040,Windows-11-10.0.26100-SP0,Windows,11,10.0.26100,AMD64,"AMD64 Family 25 Model 117 Stepping 2, AuthenticAMD",16,8,4001.0,2470.0,31.28,5.9,3.13.3,CPython,AMD Ryzen 9 8945HS w/ Radeon 780M Graphics,X86_64,10000000,synthetic_logs_10M.csv,csv,23.81596579996404,1.0820107999024913,1.169713699957356,,81.7236521000741,1.5016482999781149,1.2787445000139996,,101.21919700002763,2.3455773999448866,11.197028900031,,92.04109999991488,5.894360699923709,1.3852624000282958,,benchmark_modular.py
2025-09-15T12:57:19.567410,WL5040,Windows-11-10.0.26100-SP0,Windows,11,10.0.26100,AMD64,"AMD64 Family 25 Model 117 Stepping 2, AuthenticAMD",16,8,4001.0,2470.0,31.28,17.62,3.13.3,CPython,AMD Ryzen 9 8945HS w/ Radeon 780M Graphics,X86_64,10000000,synthetic_logs_10M.parquet,parquet,8.661513566970825,0.933335781097412,0.5765020847320557,,10.586702346801758,0.7636985778808594,0.3759589195251465,,16.93617534637451,2.034100294113159,46.98215103149414,,16.187134265899658,6.2323384284973145,0.8308353424072266,,benchmark.py
2025-09-15T13:13:07.017216,WL5040,Windows-11-10.0.26100-SP0,Windows,11,10.0.26100,AMD64,"AMD64 Family 25 Model 117 Stepping 2, AuthenticAMD",16,8,4001.0,2470.0,31.28,16.85,3.13.3,CPython,AMD Ryzen 9 8945HS w/ Radeon 780M Graphics,X86_64,10000000,synthetic_logs_10M.parquet,parquet,9.06532299995888,0.2496112999506294,0.2745969999814406,,10.49575769994408,0.5321429999312386,0.2756413000170141,,34.624572000000626,2.1438990000169724,11.818668900057672,,15.05396439996548,5.154627399984747,0.4395881000673398,,benchmark_01.py
2025-09-15T13:20:45.576110,WL5040,Windows-11-10.0.26100-SP0,Windows,11,10.0.26100,AMD64,"AMD64 Family 25 Model 117 Stepping 2, AuthenticAMD",16,8,4001.0,2470.0,31.28,17.51,3.13.3,CPython,AMD Ryzen 9 8945HS w/ Radeon 780M Graphics,X86_64,10000000,synthetic_logs_10M.parquet,parquet,9.648757934570312,0.6816179752349854,0.1524915695190429,,11.097684860229492,1.1148960590362549,0.3722217082977295,,34.56435585021973,2.11040997505188,11.798163890838625,,16.44386577606201,5.945374965667725,0.6142184734344482,,benchmark_02.py
2025-09-15T13:29:49.945098,WL5040,Windows-11-10.0.26100-SP0,Windows,11,10.0.26100,AMD64,"AMD64 Family 25 Model 117 Stepping 2, AuthenticAMD",16,8,4001.0,2470.0,31.28,3.72,3.13.3,CPython,AMD Ryzen 9 8945HS w/ Radeon 780M Graphics,X86_64,10000000,synthetic_logs_10M.parquet,parquet,9.02518230001442,0.5694632999366149,0.2026736999396234,,10.65607030002866,1.0942931999452412,0.3991330000571906,,31.458247900009155,1.7906526000006124,9.46450629993342,,15.120263799908573,5.612864599912427,0.5762336000334471,,benchmark_modular.py
2025-09-15T13:41:28.586194,WL5040,Windows-11-10.0.26100-SP0,Windows,11,10.0.26100,AMD64,"AMD64 Family 25 Model 117 Stepping 2, AuthenticAMD",16,8,4001.0,2470.0,31.28,14.25,3.13.7,CPython,AMD Ryzen 9 8945HS w/ Radeon 780M Graphics,X86_64,10000000,synthetic_logs_10M.csv,csv,28.826063632965088,2.028076171875,1.951793909072876,,146.384765625,1.3273277282714844,1.5737156867980957,,113.4356541633606,2.701687812805176,67.82037448883057,,128.29474711418152,5.23166561126709,1.589869499206543,,benchmark.py
2025-09-15T13:54:32.986757,WL5040,Windows-11-10.0.26100-SP0,Windows,11,10.0.26100,AMD64,"AMD64 Family 25 Model 117 Stepping 2, AuthenticAMD",16,8,4001.0,2470.0,31.28,16.67,3.13.7,CPython,AMD Ryzen 9 8945HS w/ Radeon 780M Graphics,X86_64,10000000,synthetic_logs_10M.csv,csv,30.645610500010665,1.0739184999838471,0.9849686999805272,,29.122684100060724,1.337882800027728,1.2164460000349209,,53.58414020005148,2.4889514999231324,9.515329899964854,,33.32936599990353,4.703304999973625,1.1620719999773428,,benchmark_01.py
2025-09-15T14:00:38.755556,WL5040,Windows-11-10.0.26100-SP0,Windows,11,10.0.26100,AMD64,"AMD64 Family 25 Model 117 Stepping 2, AuthenticAMD",16,8,4001.0,2470.0,31.28,17.35,3.13.7,CPython,AMD Ryzen 9 8945HS w/ Radeon 780M Graphics,X86_64,10000000,synthetic_logs_10M.csv,csv,24.49816012382508,1.115084886550903,1.1985931396484375,,95.32240200042725,1.577413558959961,1.3558943271636963,,114.36381101608276,2.4506967067718506,10.751622676849363,,101.69317889213562,5.138595581054688,1.38897967338562,,benchmark_02.py
2025-09-15T14:20:18.612457,WL5040,Windows-11-10.0.26100-SP0,Windows,11,10.0.26100,AMD64,"AMD64 Family 25 Model 117 Stepping 2, AuthenticAMD",16,8,4001.0,2470.0,31.28,5.83,3.13.7,CPython,AMD Ryzen 9 8945HS w/ Radeon 780M Graphics,X86_64,10000000,synthetic_logs_10M.csv,csv,26.41009320004377,1.2309607000788674,1.2834579999325797,,98.62578480003867,1.6878018999705091,1.3123274999670684,,121.76095589995384,2.827689899946563,13.155572999967262,,125.29280539997852,5.197558699990623,1.5891229000408202,,benchmark_modular.py
2025-09-15T14:22:30.690512,WL5040,Windows-11-10.0.26100-SP0,Windows,11,10.0.26100,AMD64,"AMD64 Family 25 Model 117 Stepping 2, AuthenticAMD",16,8,4001.0,2470.0,31.28,17.16,3.13.7,CPython,AMD Ryzen 9 8945HS w/ Radeon 780M Graphics,X86_64,10000000,synthetic_logs_10M.parquet,parquet,8.83959412574768,0.9913923740386964,0.4686236381530761,,10.990329504013062,0.7998764514923096,0.5017850399017334,,16.470045566558838,2.28666353225708,50.88651371002197,,15.920793533325195,5.0529069900512695,0.610771894454956,,benchmark.py
2025-09-15T14:28:19.971643,WL5040,Windows-11-10.0.26100-SP0,Windows,11,10.0.26100,AMD64,"AMD64 Family 25 Model 117 Stepping 2, AuthenticAMD",16,8,4001.0,2470.0,31.28,19.66,3.13.7,CPython,AMD Ryzen 9 8945HS w/ Radeon 780M Graphics,X86_64,10000000,synthetic_logs_10M.parquet,parquet,9.121115699992515,0.160279200063087,0.1432782999472692,,10.156090899952687,0.4998226000461727,0.3519851999590173,,30.77764300000854,1.7512578000314534,8.185327399987727,,13.259390000021083,4.239490900072269,0.4277705000713467,,benchmark_01.py
2025-09-15T14:37:37.916312,WL5040,Windows-11-10.0.26100-SP0,Windows,11,10.0.26100,AMD64,"AMD64 Family 25 Model 117 Stepping 2, AuthenticAMD",16,8,4001.0,2470.0,31.28,18.34,3.13.7,CPython,AMD Ryzen 9 8945HS w/ Radeon 780M Graphics,X86_64,10000000,synthetic_logs_10M.parquet,parquet,9.44563055038452,0.6878271102905273,0.22794771194458,,10.749712467193604,1.0491461753845217,0.3403134346008301,,34.3997004032135,2.042874336242676,11.354410886764526,,16.919644355773926,5.153306722640991,0.6749842166900635,,benchmark_02.py
2025-09-15T14:50:49.365055,WL5040,Windows-11-10.0.26100-SP0,Windows,11,10.0.26100,AMD64,"AMD64 Family 25 Model 117 Stepping 2, AuthenticAMD",16,8,4001.0,2470.0,31.28,4.86,3.13.7,CPython,AMD Ryzen 9 8945HS w/ Radeon 780M Graphics,X86_64,10000000,synthetic_logs_10M.parquet,parquet,11.07789319998119,0.6048830999061465,0.2990118999732658,,10.90659999998752,1.0304418000159783,0.5229887999594212,,31.21910830005072,1.7276808999013156,11.087695199996231,,14.857379599940032,4.695393900037743,0.6958002999890596,,benchmark_modular.py
2025-09-20T09:01:58.029395,HeliosNeo16S,Windows-11-10.0.26100-SP0,Windows,11,10.0.26100,AMD64,"Intel64 Family 6 Model 198 Stepping 2, GenuineIntel",24,24,2700.0,2700.0,31.43,10.65,3.13.7,CPython,Intel(R) Core(TM) Ultra 9 275HX,X86_64,10000000,synthetic_logs_10M.csv,csv,0.3089445999939926,0.10402190001332201,0.47914579999633133,,0.2699129999964498,0.06479639999452047,0.48832640002365224,,2.5048568999918643,0.8127150000073016,12.24767320000683,,0.5954489999858197,1.9395879000076093,0.5165604999929201,,benchmark.py
2025-09-20T09:02:53.368298,HeliosNeo16S,Windows-11-10.0.26100-SP0,Windows,11,10.0.26100,AMD64,"Intel64 Family 6 Model 198 Stepping 2, GenuineIntel",24,24,2700.0,2700.0,31.43,19.7,3.13.7,CPython,Intel(R) Core(TM) Ultra 9 275HX,X86_64,10000000,synthetic_logs_10M.csv,csv,0.29469460001564585,0.10304740001447499,0.4906024000083562,,0.2207668999908492,0.06505939998896793,0.4996994000102859,,5.343675899988739,0.4833084999991115,9.772186499991221,,0.6615613999892958,1.9233755000168458,0.5259049999876879,,benchmark_01.py
2025-09-20T09:02:54.099163,HeliosNeo16S,Windows-11-10.0.26100-SP0,Windows,11,10.0.26100,AMD64,"Intel64 Family 6 Model 198 Stepping 2, GenuineIntel",24,24,2700.0,2700.0,31.43,19.6,3.13.7,CPython,Intel(R) Core(TM) Ultra 9 275HX,X86_64,10000000,synthetic_logs_10M.csv,csv,10.475659847259521,0.6097545623779297,0.4819471836090088,,10.508960485458374,0.7323331832885742,0.5628371238708496,,21.080431938171387,1.0991787910461426,3.5812861919403076,,12.51820421218872,2.3541195392608643,0.5159330368041992,,benchmark_02.py
2025-09-20T09:05:03.522801,HeliosNeo16S,Windows-11-10.0.26100-SP0,Windows,11,10.0.26100,AMD64,"Intel64 Family 6 Model 198 Stepping 2, GenuineIntel",24,24,2700.0,2700.0,31.43,13.03,3.13.7,CPython,Intel(R) Core(TM) Ultra 9 275HX,X86_64,10000000,synthetic_logs_10M.csv,csv,0.3020628000085708,0.11084420001134276,0.5019180999952368,,0.2447157000133302,0.06714209998608567,0.5080827999918256,,5.381896200007759,0.4957379999978002,9.669387500005541,,0.6825869999884162,1.9330852999992203,0.5066235999984201,,benchmark_modular.py
2025-09-20T09:05:55.003678,HeliosNeo16S,Windows-11-10.0.26100-SP0,Windows,11,10.0.26100,AMD64,"Intel64 Family 6 Model 198 Stepping 2, GenuineIntel",24,24,2700.0,2700.0,31.43,12.02,3.13.7,CPython,Intel(R) Core(TM) Ultra 9 275HX,X86_64,10000000,synthetic_logs_10M.parquet,parquet,0.30772059998707846,0.0889475999865681,0.04054879999603145,,0.2242367999861017,0.06391379999695346,0.05197050000424497,,2.5658393999910913,0.8007127000018954,12.217056099994807,,0.6007592999958433,1.9644488999911118,0.12395300000207499,,benchmark.py
2025-09-20T09:13:45.876672,HeliosNeo16S,Windows-11-10.0.26100-SP0,Windows,11,10.0.26100,AMD64,"Intel64 Family 6 Model 198 Stepping 2, GenuineIntel",24,24,2700.0,2700.0,31.43,21.41,3.13.7,CPython,Intel(R) Core(TM) Ultra 9 275HX,X86_64,10000000,synthetic_logs_10M.csv,csv,0.3529088000068441,0.08491000000503846,0.04303490000893362,,0.21920409999438561,0.06009639997500926,0.06112349999602884,,5.353094899997814,0.49019609999959357,437.52858969999943,,0.661561500019161,1.9153588000044692,0.12709460000041872,,benchmark_01.py
2025-09-20T09:13:46.753867,HeliosNeo16S,Windows-11-10.0.26100-SP0,Windows,11,10.0.26100,AMD64,"Intel64 Family 6 Model 198 Stepping 2, GenuineIntel",24,24,2700.0,2700.0,31.43,20.87,3.13.7,CPython,Intel(R) Core(TM) Ultra 9 275HX,X86_64,10000000,synthetic_logs_10M.parquet,parquet,5.632624864578247,0.23516321182250977,0.03622555732727051,,5.666687250137329,0.41979026794433594,0.1150050163269043,,18.890689611434937,0.8629271984100342,3.1954433917999268,,7.194650411605835,2.0247323513031006,0.13712120056152344,,benchmark_02.py
2025-09-20T09:15:23.994974,HeliosNeo16S,Windows-11-10.0.26100-SP0,Windows,11,10.0.26100,AMD64,"Intel64 Family 6 Model 198 Stepping 2, GenuineIntel",24,24,2700.0,2700.0,31.43,12.0,3.13.7,CPython,Intel(R) Core(TM) Ultra 9 275HX,X86_64,10000000,synthetic_logs_10M.parquet,parquet,0.38512220000848174,0.1031364000227768,0.03380589999142103,,0.23428099998272955,0.08595949999289587,0.050524799997219816,,6.392795500025386,0.5019214999920223,12.08872609998798,,0.6829850999929477,1.9436240999784786,0.11400420000427403,,benchmark_modular.py
2025-09-20T15:09:57.029679,Optiplex7010,Windows-11-10.0.26100-SP0,Windows,11,10.0.26100,AMD64,"Intel64 Family 6 Model 183 Stepping 1, GenuineIntel",32,24,2000.0,2000.0,63.7,40.16,3.13.7,CPython,13th Gen Intel(R) Core(TM) i9-13900,X86_64,10000000,synthetic_logs_10M.csv,csv,0.27659929999981614,0.16405030000009901,0.6124434000000747,,0.2284048999999868,0.09588490000010097,0.6407271000000492,,2.3353260999999748,0.9737667000001693,10.90133949999995,,0.5183028999999806,2.0729979000000185,0.6693665999998757,,benchmark.py
2025-09-20T15:10:56.790266,Optiplex7010,Windows-11-10.0.26100-SP0,Windows,11,10.0.26100,AMD64,"Intel64 Family 6 Model 183 Stepping 1, GenuineIntel",32,24,2000.0,2000.0,63.7,48.72,3.13.7,CPython,13th Gen Intel(R) Core(TM) i9-13900,X86_64,10000000,synthetic_logs_10M.csv,csv,0.27049880000004123,0.15771540000014284,0.6315362000000277,,0.232020299999931,0.13014509999993606,0.6820975999999064,,4.735824899999898,0.5631705000000693,10.096670099999983,,0.5484515999999076,2.1042115000000194,0.6696342000000186,,benchmark_01.py
2025-09-20T15:10:57.573293,Optiplex7010,Windows-11-10.0.26100-SP0,Windows,11,10.0.26100,AMD64,"Intel64 Family 6 Model 183 Stepping 1, GenuineIntel",32,24,2000.0,2000.0,63.7,48.72,3.13.7,CPython,13th Gen Intel(R) Core(TM) i9-13900,X86_64,10000000,synthetic_logs_10M.csv,csv,11.273862838745117,0.657935619354248,0.6529440879821777,,11.384915828704834,0.8146193027496338,0.6967887878417969,,20.701280117034912,1.2207636833190918,4.746879577636719,,13.918301343917847,2.453540563583374,0.6579773426055908,,benchmark_02.py
2025-09-20T15:13:15.529458,Optiplex7010,Windows-11-10.0.26100-SP0,Windows,11,10.0.26100,AMD64,"Intel64 Family 6 Model 183 Stepping 1, GenuineIntel",32,24,2000.0,2000.0,63.7,41.93,3.13.7,CPython,13th Gen Intel(R) Core(TM) i9-13900,X86_64,10000000,synthetic_logs_10M.csv,csv,0.27251270000010663,0.1567275999998401,0.6311201999999412,,0.22827959999995073,0.12356709999994564,0.652652499999931,,4.675125900000012,0.5227861000000757,9.946461900000031,,0.5375810999998976,2.042001300000038,0.6993472999999994,,benchmark_modular.py
2025-09-20T15:14:08.447548,Optiplex7010,Windows-11-10.0.26100-SP0,Windows,11,10.0.26100,AMD64,"Intel64 Family 6 Model 183 Stepping 1, GenuineIntel",32,24,2000.0,2000.0,63.7,38.09,3.13.7,CPython,13th Gen Intel(R) Core(TM) i9-13900,X86_64,10000000,synthetic_logs_10M.parquet,parquet,0.3015446000003976,0.14064470000039364,0.04362779999974009,,0.2299260999998296,0.10729429999992135,0.0719573000001219,,2.234628899999734,0.9619140999998308,10.109335799999826,,0.4934848000002603,2.074285599999712,0.14782569999988482,,benchmark.py
2025-09-20T15:14:52.633752,Optiplex7010,Windows-11-10.0.26100-SP0,Windows,11,10.0.26100,AMD64,"Intel64 Family 6 Model 183 Stepping 1, GenuineIntel",32,24,2000.0,2000.0,63.7,48.69,3.13.7,CPython,13th Gen Intel(R) Core(TM) i9-13900,X86_64,10000000,synthetic_logs_10M.csv,csv,0.2711149000001569,0.1410715000001801,0.048144500000034895,,0.22701850000021295,0.11716290000003937,0.08098550000022442,,4.739522100000158,0.5334678999997777,9.908380300000317,,0.5430123999999523,2.0356465999998363,0.1961620000001858,,benchmark_01.py
2025-09-20T15:14:53.439479,Optiplex7010,Windows-11-10.0.26100-SP0,Windows,11,10.0.26100,AMD64,"Intel64 Family 6 Model 183 Stepping 1, GenuineIntel",32,24,2000.0,2000.0,63.7,48.57,3.13.7,CPython,13th Gen Intel(R) Core(TM) i9-13900,X86_64,10000000,synthetic_logs_10M.parquet,parquet,4.8893115520477295,0.31865358352661133,0.0451202392578125,,4.90986442565918,0.5214605331420898,0.1304481029510498,,14.277550458908081,1.0056421756744385,3.594456195831299,,7.499877691268921,2.2021687030792236,0.2086954116821289,,benchmark_02.py
2025-09-20T15:16:21.272377,Optiplex7010,Windows-11-10.0.26100-SP0,Windows,11,10.0.26100,AMD64,"Intel64 Family 6 Model 183 Stepping 1, GenuineIntel",32,24,2000.0,2000.0,63.7,39.66,3.13.7,CPython,13th Gen Intel(R) Core(TM) i9-13900,X86_64,10000000,synthetic_logs_10M.parquet,parquet,0.30821019999984856,0.14134469999999055,0.03557780000028288,,0.22456719999991037,0.10456590000012511,0.06405880000011166,,4.785427400000117,0.5207226000002265,9.695592399999896,,0.5573795000000246,1.96506700000009,0.15822919999982332,,benchmark_modular.py
2025-09-20T15:54:40.015851,HP-Desktop,Windows-11-10.0.26100-SP0,Windows,11,10.0.26100,AMD64,"Intel64 Family 6 Model 151 Stepping 2, GenuineIntel",24,16,2400.0,2400.0,127.71,79.51,3.13.1,CPython,12th Gen Intel(R) Core(TM) i9-12900,X86_64,10000000,synthetic_logs_10M.csv,csv,0.4537323999684304,0.1647707000374794,0.7704868000000715,,0.3562093001091853,0.14123720000497997,0.8349281999981031,,3.3243443000828847,1.2468801999930292,16.288930600043386,,0.8152264000382274,2.2662001999560744,1.014594600070268,,benchmark.py
2025-09-20T15:56:17.330908,HP-Desktop,Windows-11-10.0.26100-SP0,Windows,11,10.0.26100,AMD64,"Intel64 Family 6 Model 151 Stepping 2, GenuineIntel",24,16,2400.0,2400.0,127.71,88.9,3.13.1,CPython,12th Gen Intel(R) Core(TM) i9-12900,X86_64,10000000,synthetic_logs_10M.csv,csv,0.5377354000229388,0.16009950009174645,0.9895992000820115,,0.4019767000572756,0.1945071000372991,0.9692714000120759,,7.766747099929489,0.7388195999665186,15.594295400078408,,0.8249329999089241,3.3521590000018477,0.9705910000484437,,benchmark_01.py
2025-09-20T15:56:18.539713,HP-Desktop,Windows-11-10.0.26100-SP0,Windows,11,10.0.26100,AMD64,"Intel64 Family 6 Model 151 Stepping 2, GenuineIntel",24,16,2400.0,2400.0,127.71,88.81,3.13.1,CPython,12th Gen Intel(R) Core(TM) i9-12900,X86_64,10000000,synthetic_logs_10M.csv,csv,17.63801884651184,0.9695219993591309,0.8785085678100586,,19.080781936645508,1.1529674530029297,0.9622042179107666,,36.5712468624115,1.8256361484527588,7.687102794647217,,22.423757553100586,3.9461920261383057,0.9924986362457275,,benchmark_02.py
2025-09-20T15:59:57.958618,HP-Desktop,Windows-11-10.0.26100-SP0,Windows,11,10.0.26100,AMD64,"Intel64 Family 6 Model 151 Stepping 2, GenuineIntel",24,16,2400.0,2400.0,127.71,81.92,3.13.1,CPython,12th Gen Intel(R) Core(TM) i9-12900,X86_64,10000000,synthetic_logs_10M.csv,csv,0.41778239991981536,0.16119370004162192,0.8491262999596074,,0.34799220005515963,0.1688966000219807,0.8873046999797225,,7.663981100078672,0.7108686999417841,15.38516210007947,,0.7737678999546915,3.269534100079909,0.9504340999992564,,benchmark_modular.py
2025-09-20T16:01:08.507620,HP-Desktop,Windows-11-10.0.26100-SP0,Windows,11,10.0.26100,AMD64,"Intel64 Family 6 Model 151 Stepping 2, GenuineIntel",24,16,2400.0,2400.0,127.71,77.28,3.13.1,CPython,12th Gen Intel(R) Core(TM) i9-12900,X86_64,10000000,synthetic_logs_10M.parquet,parquet,0.3313041999936104,0.16278120002243668,0.04215170000679791,,0.25679640006273985,0.14251739997416735,0.09232729999348521,,2.5018440999556333,1.3243948000017554,13.203022100031376,,0.713576199952513,3.2267282999819145,0.2000953999813646,,benchmark.py
2025-09-20T16:02:07.584731,HP-Desktop,Windows-11-10.0.26100-SP0,Windows,11,10.0.26100,AMD64,"Intel64 Family 6 Model 151 Stepping 2, GenuineIntel",24,16,2400.0,2400.0,127.71,88.43,3.13.1,CPython,12th Gen Intel(R) Core(TM) i9-12900,X86_64,10000000,synthetic_logs_10M.csv,csv,0.3207517999690026,0.1571811999892816,0.06467309989966452,,0.2514396000187844,0.1402995000826195,0.1154934000223875,,6.69130139995832,0.696709500043653,13.138402799959294,,0.6235574000747874,2.683281400008127,0.18116609996650368,,benchmark_01.py
2025-09-20T16:02:10.343196,HP-Desktop,Windows-11-10.0.26100-SP0,Windows,11,10.0.26100,AMD64,"Intel64 Family 6 Model 151 Stepping 2, GenuineIntel",24,16,2400.0,2400.0,127.71,88.68,3.13.1,CPython,12th Gen Intel(R) Core(TM) i9-12900,X86_64,10000000,synthetic_logs_10M.parquet,parquet,5.8597731590271,0.3450338840484619,0.05051875114440918,,5.616632461547852,0.5508205890655518,0.14079642295837402,,19.300621509552002,1.022963523864746,4.793476819992065,,8.759618997573853,2.5144829750061035,0.2338573932647705,,benchmark_02.py
2025-09-20T16:03:55.055059,HP-Desktop,Windows-11-10.0.26100-SP0,Windows,11,10.0.26100,AMD64,"Intel64 Family 6 Model 151 Stepping 2, GenuineIntel",24,16,2400.0,2400.0,127.71,78.98,3.13.1,CPython,12th Gen Intel(R) Core(TM) i9-12900,X86_64,10000000,synthetic_logs_10M.parquet,parquet,0.3071010001003742,0.1557070999406278,0.043790900032036006,,0.2342412999132648,0.14237619994673878,0.08225410000886768,,5.4401971999322996,0.543239500024356,10.754284800030291,,0.5975699999835342,2.142030099988915,0.17423610005062073,,benchmark_modular.py
2025-09-20T16:09:02.892915,HP-Desktop,Windows-11-10.0.26100-SP0,Windows,11,10.0.26100,AMD64,"Intel64 Family 6 Model 151 Stepping 2, GenuineIntel",24,16,2400.0,2400.0,127.71,80.3,3.13.1,CPython,12th Gen Intel(R) Core(TM) i9-12900,X86_64,10000000,synthetic_logs_10M.csv,csv,0.34371659997850657,0.17540209996514022,0.6164231000002474,,0.24937340000178665,0.12115259992424399,0.5980264000827447,,2.5058483000611886,1.0715979000087827,11.870847600046545,,0.5673577999696136,2.180669100023806,0.6724732998991385,,benchmark.py
2025-09-20T16:10:07.231733,HP-Desktop,Windows-11-10.0.26100-SP0,Windows,11,10.0.26100,AMD64,"Intel64 Family 6 Model 151 Stepping 2, GenuineIntel",24,16,2400.0,2400.0,127.71,88.6,3.13.1,CPython,12th Gen Intel(R) Core(TM) i9-12900,X86_64,10000000,synthetic_logs_10M.csv,csv,0.33900869998615235,0.17351049999706447,0.6392859000479802,,0.257519300095737,0.1507570999674499,0.6397488999646157,,5.519135099952109,0.5594854999799281,10.560869099921547,,0.5988455999176949,2.1597235000226647,0.6643956999760121,,benchmark_01.py
2025-09-20T16:10:08.133435,HP-Desktop,Windows-11-10.0.26100-SP0,Windows,11,10.0.26100,AMD64,"Intel64 Family 6 Model 151 Stepping 2, GenuineIntel",24,16,2400.0,2400.0,127.71,88.58,3.13.1,CPython,12th Gen Intel(R) Core(TM) i9-12900,X86_64,10000000,synthetic_logs_10M.csv,csv,12.660836458206177,0.6446640491485596,0.5918323993682861,,12.512233257293701,0.8277840614318848,0.7220437526702881,,25.160040855407715,1.25724458694458,5.140088081359863,,15.38325047492981,2.6055386066436768,0.6633796691894531,,benchmark_02.py
2025-09-20T16:12:42.732515,HP-Desktop,Windows-11-10.0.26100-SP0,Windows,11,10.0.26100,AMD64,"Intel64 Family 6 Model 151 Stepping 2, GenuineIntel",24,16,2400.0,2400.0,127.71,81.66,3.13.1,CPython,12th Gen Intel(R) Core(TM) i9-12900,X86_64,10000000,synthetic_logs_10M.csv,csv,0.3320841999957338,0.17521140002645552,0.6365303000202402,,0.24449820001609623,0.12659739993978292,0.6493833999847993,,5.656182799953967,0.5945680000586435,10.600351699977182,,0.6117016000207514,2.172342300065793,0.6487696000840515,,benchmark_modular.py
2025-09-20T16:13:40.016833,HP-Desktop,Windows-11-10.0.26100-SP0,Windows,11,10.0.26100,AMD64,"Intel64 Family 6 Model 151 Stepping 2, GenuineIntel",24,16,2400.0,2400.0,127.71,79.07,3.13.1,CPython,12th Gen Intel(R) Core(TM) i9-12900,X86_64,10000000,synthetic_logs_10M.parquet,parquet,0.34205920004751533,0.16075469995848835,0.043953999993391335,,0.247009800048545,0.1294616999803111,0.06262680003419518,,2.5191962000681087,1.0013468000106514,11.372048799996264,,0.5730713000521064,2.1381360999075696,0.15884320007171482,,benchmark.py
2025-09-20T16:14:28.366646,HP-Desktop,Windows-11-10.0.26100-SP0,Windows,11,10.0.26100,AMD64,"Intel64 Family 6 Model 151 Stepping 2, GenuineIntel",24,16,2400.0,2400.0,127.71,88.72,3.13.1,CPython,12th Gen Intel(R) Core(TM) i9-12900,X86_64,10000000,synthetic_logs_10M.csv,csv,0.3312078999588266,0.15233139996416867,0.052390499971807,,0.24951960006728768,0.12192720000166446,0.07760469999630004,,5.614385199965909,0.5581419999944046,10.576858400017954,,0.609888199949637,2.171022400027141,0.16967770003248006,,benchmark_01.py
2025-09-20T16:14:29.413363,HP-Desktop,Windows-11-10.0.26100-SP0,Windows,11,10.0.26100,AMD64,"Intel64 Family 6 Model 151 Stepping 2, GenuineIntel",24,16,2400.0,2400.0,127.71,88.58,3.13.1,CPython,12th Gen Intel(R) Core(TM) i9-12900,X86_64,10000000,synthetic_logs_10M.parquet,parquet,6.034677028656006,0.29741954803466797,0.04047656059265137,,5.687842607498169,0.5560965538024902,0.11907124519348145,,20.16430163383484,1.1103730201721191,4.237417221069336,,7.893345594406128,2.375413656234741,0.1817004680633545,,benchmark_02.py
2025-09-20T16:16:11.544807,HP-Desktop,Windows-11-10.0.26100-SP0,Windows,11,10.0.26100,AMD64,"Intel64 Family 6 Model 151 Stepping 2, GenuineIntel",24,16,2400.0,2400.0,127.71,79.28,3.13.1,CPython,12th Gen Intel(R) Core(TM) i9-12900,X86_64,10000000,synthetic_logs_10M.parquet,parquet,0.29906989994924515,0.15743419993668795,0.03693589998874813,,0.24855050002224743,0.12139069999102503,0.06217819999437779,,5.601490200031549,0.5610388999339193,10.676128400024027,,0.6028123999712989,2.177449900074862,0.14617499988526106,,benchmark_modular.py
2025-09-20T16:32:05.444247,HP-Desktop,Windows-11-10.0.26100-SP0,Windows,11,10.0.26100,AMD64,"Intel64 Family 6 Model 151 Stepping 2, GenuineIntel",24,16,2400.0,2400.0,127.71,90.06,3.13.1,CPython,12th Gen Intel(R) Core(TM) i9-12900,X86_64,10000000,synthetic_logs_10M.csv,csv,0.32871660008095205,0.14892730000428855,0.6393293000292033,,0.2503951000981033,0.13279599999077618,0.6320190000114962,,5.526613300084136,0.5763266000431031,10.594546400010586,,0.6068482999689877,2.1358600999228656,0.660853200010024,,benchmark_02.py
2025-09-20T16:33:45.126121,HP-Desktop,Windows-11-10.0.26100-SP0,Windows,11,10.0.26100,AMD64,"Intel64 Family 6 Model 151 Stepping 2, GenuineIntel",24,16,2400.0,2400.0,127.71,90.65,3.13.1,CPython,12th Gen Intel(R) Core(TM) i9-12900,X86_64,10000000,synthetic_logs_10M.parquet,parquet,0.3203645999310538,0.15727539989165962,0.03481530002318323,,0.24648580001667142,0.13008489995263517,0.06422729999758303,,5.392186500015669,0.5798124000430107,10.734789700014517,,0.5984500999329612,2.1727571000810713,0.150139500037767,,benchmark_02.py
2025-09-20T16:50:47.473147,HP-Desktop,Windows-11-10.0.26100-SP0,Windows,11,10.0.26100,AMD64,"Intel64 Family 6 Model 151 Stepping 2, GenuineIntel",24,16,2400.0,2400.0,127.71,83.72,3.13.1,CPython,12th Gen Intel(R) Core(TM) i9-12900,X86_64,10000000,synthetic_logs_10M.csv,csv,0.323902599979192,0.13753200008068234,0.6411516999360174,,0.2575747000519186,0.12104759993962944,0.6421350999735296,,5.531095699989237,0.5550053999759257,10.898348600021563,,0.6073679000837728,2.166399799985811,0.7046120999148116,,benchmark_modular.py
2025-09-20T16:52:11.717050,HP-Desktop,Windows-11-10.0.26100-SP0,Windows,11,10.0.26100,AMD64,"Intel64 Family 6 Model 151 Stepping 2, GenuineIntel",24,16,2400.0,2400.0,127.71,81.46,3.13.1,CPython,12th Gen Intel(R) Core(TM) i9-12900,X86_64,10000000,synthetic_logs_10M.parquet,parquet,0.3219511000206694,0.16771670000161976,0.03794069995637983,,0.2436486000660807,0.1362446000566706,0.06627810001373291,,5.610271800076589,0.5607924000360072,10.843202500022016,,0.6050028000026941,2.198993399972096,0.14416759996674955,,benchmark_modular.py
2025-09-20T17:46:37.254016,VivoBook-01,Windows-11-10.0.26100-SP0,Windows,11,10.0.26100,AMD64,"Intel64 Family 6 Model 186 Stepping 2, GenuineIntel",20,14,2600.0,2600.0,15.63,8.83,3.13.7,CPython,13th Gen Intel(R) Core(TM) i9-13900H,X86_64,10000000,synthetic_logs_10M.csv,csv,0.5240248000191059,0.23515750002115965,1.9858549000055064,,0.44625099998665974,0.19285240001045167,1.6638746999960858,,3.6183428000076674,2.966159700008575,27.373634499992477,,0.9158214000053704,5.194324800017057,1.355860899988329,,benchmark.py
2025-09-20T17:48:31.834995,VivoBook-01,Windows-11-10.0.26100-SP0,Windows,11,10.0.26100,AMD64,"Intel64 Family 6 Model 186 Stepping 2, GenuineIntel",20,14,2600.0,1496.0,15.63,9.53,3.13.7,CPython,13th Gen Intel(R) Core(TM) i9-13900H,X86_64,10000000,synthetic_logs_10M.csv,csv,0.5205639000050724,0.24281220001284964,1.0479700000141747,,0.4957711999886669,0.16358789999503642,1.0679906000150368,,8.416251899994677,0.9863420000183396,22.82410460000392,,0.9961233999929391,4.261346699990099,1.4393818999815267,,benchmark_01.py
2025-09-20T17:48:33.664460,VivoBook-01,Windows-11-10.0.26100-SP0,Windows,11,10.0.26100,AMD64,"Intel64 Family 6 Model 186 Stepping 2, GenuineIntel",20,14,2600.0,1496.0,15.63,10.38,3.13.7,CPython,13th Gen Intel(R) Core(TM) i9-13900H,X86_64,10000000,synthetic_logs_10M.csv,csv,0.41663659998448566,0.2044826000055764,1.0148080000071786,,0.44545499997911975,0.15313190000597388,1.0109642999887,,8.025121999991825,0.9403799000137951,21.92455369999516,,1.01421609998215,4.414919499977259,1.340054300002521,,benchmark_02.py
2025-09-20T17:52:15.129369,VivoBook-01,Windows-11-10.0.26100-SP0,Windows,11,10.0.26100,AMD64,"Intel64 Family 6 Model 186 Stepping 2, GenuineIntel",20,14,2600.0,2600.0,15.63,9.8,3.13.7,CPython,13th Gen Intel(R) Core(TM) i9-13900H,X86_64,10000000,synthetic_logs_10M.csv,csv,0.43453820000286214,0.23214999999618158,1.0523071000061464,,0.40122460000566207,0.14558240000042133,1.0607576000038534,,7.603158399986569,0.8969089000020176,22.06336889998056,,0.8805242999806069,4.6073805000050925,1.4088646000018343,,benchmark_modular.py
2025-09-20T17:53:57.585906,VivoBook-01,Windows-11-10.0.26100-SP0,Windows,11,10.0.26100,AMD64,"Intel64 Family 6 Model 186 Stepping 2, GenuineIntel",20,14,2600.0,2600.0,15.63,9.89,3.13.7,CPython,13th Gen Intel(R) Core(TM) i9-13900H,X86_64,10000000,synthetic_logs_10M.parquet,parquet,0.5123136000183877,0.1924379999982193,0.23278439999558032,,0.4076556999934837,0.17193499999120831,0.18057820000103675,,3.5341814999992494,2.0006138999888208,26.656695299985586,,0.9061529000173323,4.704470600001514,0.5430854000151157,,benchmark.py
2025-09-20T17:55:22.925332,VivoBook-01,Windows-11-10.0.26100-SP0,Windows,11,10.0.26100,AMD64,"Intel64 Family 6 Model 186 Stepping 2, GenuineIntel",20,14,2600.0,2600.0,15.63,9.87,3.13.7,CPython,13th Gen Intel(R) Core(TM) i9-13900H,X86_64,10000000,synthetic_logs_10M.csv,csv,0.47299030001158826,0.24520649999612942,0.1942921000008937,,0.39626949999365024,0.17624880000948906,0.22240689999307506,,7.573952999984613,1.0784708999854047,22.21127429997432,,0.9407610000052955,4.292844300012803,0.40838529999018647,,benchmark_01.py
2025-09-20T17:55:25.268666,VivoBook-01,Windows-11-10.0.26100-SP0,Windows,11,10.0.26100,AMD64,"Intel64 Family 6 Model 186 Stepping 2, GenuineIntel",20,14,2600.0,1496.0,15.63,10.93,3.13.7,CPython,13th Gen Intel(R) Core(TM) i9-13900H,X86_64,10000000,synthetic_logs_10M.parquet,parquet,0.42584770001121797,0.2183851999870967,0.1730565000034403,,0.42379080000682734,0.14057409999077208,0.14940580000984482,,7.546915599989006,0.9540180999902077,21.59640360000776,,0.9659653000126127,4.688238899980206,0.3867966000107117,,benchmark_02.py
2025-09-20T17:58:06.924531,VivoBook-01,Windows-11-10.0.26100-SP0,Windows,11,10.0.26100,AMD64,"Intel64 Family 6 Model 186 Stepping 2, GenuineIntel",20,14,2600.0,2600.0,15.63,10.62,3.13.7,CPython,13th Gen Intel(R) Core(TM) i9-13900H,X86_64,10000000,synthetic_logs_10M.parquet,parquet,0.4695515999919735,0.180809000012232,0.18361800001002848,,0.40826519997790456,0.19201639998937026,0.21727190000819974,,7.48199209998711,1.1279394000011962,22.295241700019687,,0.9888292000105139,4.304415500024334,0.4680003000248689,,benchmark_modular.py
2025-09-20T18:12:42.930751,HP-EB840G8-01,Windows-11-10.0.26100-SP0,Windows,11,10.0.26100,AMD64,"Intel64 Family 6 Model 140 Stepping 1, GenuineIntel",8,4,2995.0,2995.0,63.69,42.46,3.13.7,CPython,11th Gen Intel(R) Core(TM) i7-1185G7 @ 3.00GHz,X86_64,10000000,synthetic_logs_10M.csv,csv,0.5596622996963561,0.3272253000177443,2.723070699721575,,0.4266783003695309,0.32854489982128143,3.0143678998574615,,4.155436599627137,3.360879000276327,28.160026099998504,,0.9573256000876427,5.578707700129598,2.9895524997264147,,benchmark.py
2025-09-20T18:15:17.410151,HP-EB840G8-01,Windows-11-10.0.26100-SP0,Windows,11,10.0.26100,AMD64,"Intel64 Family 6 Model 140 Stepping 1, GenuineIntel",8,4,2995.0,2995.0,63.69,50.11,3.13.7,CPython,11th Gen Intel(R) Core(TM) i7-1185G7 @ 3.00GHz,X86_64,10000000,synthetic_logs_10M.csv,csv,0.6381805003620684,0.31011349987238646,2.735637000296265,,0.4445317997597158,0.33273130003362894,3.2880131998099387,,9.902598599903286,1.518178999889642,26.181514100171626,,1.5587450000457466,6.964632499963045,2.558006300125271,,benchmark_01.py
2025-09-20T18:15:19.020475,HP-EB840G8-01,Windows-11-10.0.26100-SP0,Windows,11,10.0.26100,AMD64,"Intel64 Family 6 Model 140 Stepping 1, GenuineIntel",8,4,2995.0,2995.0,63.69,48.72,3.13.7,CPython,11th Gen Intel(R) Core(TM) i7-1185G7 @ 3.00GHz,X86_64,10000000,synthetic_logs_10M.csv,csv,0.7681780001148582,0.24791409960016608,2.7144196000881493,,0.8961843000724912,0.32869309978559613,3.0601515998132527,,11.496284100227058,1.2841592002660036,32.66415710002184,,0.9657177999615669,7.805836700368673,3.4910392998717725,,benchmark_02.py
2025-09-20T18:21:03.786305,HP-EB840G8-01,Windows-11-10.0.26100-SP0,Windows,11,10.0.26100,AMD64,"Intel64 Family 6 Model 140 Stepping 1, GenuineIntel",8,4,2995.0,2995.0,63.69,42.13,3.13.7,CPython,11th Gen Intel(R) Core(TM) i7-1185G7 @ 3.00GHz,X86_64,10000000,synthetic_logs_10M.csv,csv,0.744227800052613,0.2624396001920104,4.1432599001564085,,0.779650800395757,0.29198790015652776,5.136026300024241,,12.6823760997504,1.3105331999249756,30.27281229989603,,1.6270399000495672,6.9246157999150455,3.5377972000278533,,benchmark_modular.py
2025-09-20T18:23:04.033950,HP-EB840G8-01,Windows-11-10.0.26100-SP0,Windows,11,10.0.26100,AMD64,"Intel64 Family 6 Model 140 Stepping 1, GenuineIntel",8,4,2995.0,2995.0,63.69,36.13,3.13.7,CPython,11th Gen Intel(R) Core(TM) i7-1185G7 @ 3.00GHz,X86_64,10000000,synthetic_logs_10M.parquet,parquet,0.46864560013636947,0.20822199992835522,0.0841049998998642,,0.37074939999729395,0.25658340007066727,0.21152899973094463,,3.226380600128323,2.5516743999905884,22.778936800081283,,0.751010499894619,3.539411600213498,0.6405730000697076,,benchmark.py
2025-09-20T18:24:22.043432,HP-EB840G8-01,Windows-11-10.0.26100-SP0,Windows,11,10.0.26100,AMD64,"Intel64 Family 6 Model 140 Stepping 1, GenuineIntel",8,4,2995.0,2995.0,63.69,49.56,3.13.7,CPython,11th Gen Intel(R) Core(TM) i7-1185G7 @ 3.00GHz,X86_64,10000000,synthetic_logs_10M.csv,csv,0.4340669000521302,0.1953814998269081,0.12449129996821284,,0.3390245996415615,0.22820480028167367,0.2527369000017643,,8.500421799719334,1.412753699813038,17.445712100248784,,0.92478570016101,3.897610300220549,0.6391913997940719,,benchmark_01.py
2025-09-20T18:24:23.371848,HP-EB840G8-01,Windows-11-10.0.26100-SP0,Windows,11,10.0.26100,AMD64,"Intel64 Family 6 Model 140 Stepping 1, GenuineIntel",8,4,2995.0,2995.0,63.69,49.62,3.13.7,CPython,11th Gen Intel(R) Core(TM) i7-1185G7 @ 3.00GHz,X86_64,10000000,synthetic_logs_10M.parquet,parquet,0.4796376000158489,0.23142739990726113,0.11072849994525313,,0.38920880015939474,0.28171850042417645,0.25860429974272847,,7.620719900354743,1.240697800181806,20.088516000192612,,0.8102628001943231,3.9726065997965634,0.6991905001923442,,benchmark_02.py
2025-09-20T18:27:00.005401,HP-EB840G8-01,Windows-11-10.0.26100-SP0,Windows,11,10.0.26100,AMD64,"Intel64 Family 6 Model 140 Stepping 1, GenuineIntel",8,4,2995.0,2995.0,63.69,42.03,3.13.7,CPython,11th Gen Intel(R) Core(TM) i7-1185G7 @ 3.00GHz,X86_64,10000000,synthetic_logs_10M.parquet,parquet,0.4800118999555707,0.2153664999641478,0.10777790006250143,,0.3829735000617802,0.2714610998518765,0.24433290027081966,,7.839419699739665,1.1443249001167715,17.489564900286496,,0.881640300154686,3.6468505999073386,0.6044274996966124,,benchmark_modular.py
2025-09-21T08:09:43.064139,HP-EB830G8-01,Windows-11-10.0.26100-SP0,Windows,11,10.0.26100,AMD64,"Intel64 Family 6 Model 140 Stepping 1, GenuineIntel",8,4,2611.0,2611.0,15.69,8.77,3.13.7,CPython,11th Gen Intel(R) Core(TM) i5-1145G7 @ 2.60GHz,X86_64,10000000,synthetic_logs_10M.csv,csv,0.8942841999960365,0.35533399999985704,4.4306922999967355,,0.9638749000005191,0.5311311000041314,3.6194966999973985,,5.822154900000896,7.969018000003416,47.80087220000132,,1.3838459000035073,10.787673200000427,3.8726447999943048,,benchmark.py
2025-09-21T08:13:28.170212,HP-EB830G8-01,Windows-11-10.0.26100-SP0,Windows,11,10.0.26100,AMD64,"Intel64 Family 6 Model 140 Stepping 1, GenuineIntel",8,4,2611.0,2611.0,15.69,9.85,3.13.7,CPython,11th Gen Intel(R) Core(TM) i5-1145G7 @ 2.60GHz,X86_64,10000000,synthetic_logs_10M.csv,csv,0.8681988999960595,0.4997189999994589,3.3718099999969127,,0.7524580999961472,0.47192279999580933,3.578569500001322,,13.978137099999003,1.8822278000006918,42.17121329999645,,1.4400218000009772,8.440733499999624,3.6457186000043293,,benchmark_01.py
2025-09-21T08:13:31.594441,HP-EB830G8-01,Windows-11-10.0.26100-SP0,Windows,11,10.0.26100,AMD64,"Intel64 Family 6 Model 140 Stepping 1, GenuineIntel",8,4,2611.0,2611.0,15.69,10.24,3.13.7,CPython,11th Gen Intel(R) Core(TM) i5-1145G7 @ 2.60GHz,X86_64,10000000,synthetic_logs_10M.csv,csv,0.9261140000016894,0.48701319999963744,3.2178060000005644,,0.8412994999962393,0.420698200003244,3.7048705000051996,,13.68842539999605,2.052088600001298,41.29198199999519,,1.564307299995562,8.767551500000991,3.4859845000028145,,benchmark_02.py
2025-09-21T08:20:38.475478,HP-EB830G8-01,Windows-11-10.0.26100-SP0,Windows,11,10.0.26100,AMD64,"Intel64 Family 6 Model 140 Stepping 1, GenuineIntel",8,4,2611.0,2611.0,15.69,8.97,3.13.7,CPython,11th Gen Intel(R) Core(TM) i5-1145G7 @ 2.60GHz,X86_64,10000000,synthetic_logs_10M.csv,csv,0.7319553999986965,0.410806899999443,3.126127700001234,,0.7874298000024282,0.5201942999992752,3.572815299994545,,12.552740499995707,1.8697241999980179,42.63176410000597,,1.4365833999981987,9.07739190000575,3.6261920999968424,,benchmark_modular.py
2025-09-21T08:23:52.343861,HP-EB830G8-01,Windows-11-10.0.26100-SP0,Windows,11,10.0.26100,AMD64,"Intel64 Family 6 Model 140 Stepping 1, GenuineIntel",8,4,2611.0,2611.0,15.69,10.02,3.13.7,CPython,11th Gen Intel(R) Core(TM) i5-1145G7 @ 2.60GHz,X86_64,10000000,synthetic_logs_10M.parquet,parquet,0.9904784000027576,0.35583069999847794,0.30413019999832613,,0.9010195000009844,0.4122713999968255,0.3587297000049148,,6.052841899996565,6.578270400001202,40.09020679999958,,1.6653645999977016,10.620413700002246,1.0840950999991037,,benchmark.py
2025-09-21T08:26:31.758458,HP-EB830G8-01,Windows-11-10.0.26100-SP0,Windows,11,10.0.26100,AMD64,"Intel64 Family 6 Model 140 Stepping 1, GenuineIntel",8,4,2611.0,2611.0,15.69,11.04,3.13.7,CPython,11th Gen Intel(R) Core(TM) i5-1145G7 @ 2.60GHz,X86_64,10000000,synthetic_logs_10M.csv,csv,0.8213092000005418,0.3701758000024711,0.3376459999999497,,0.7906145000015385,0.3835125000041444,0.49872730000060983,,13.093559799999639,1.8779426999972202,41.62488640000083,,1.7940364000023692,8.300135400000727,0.9877276999977767,,benchmark_01.py
2025-09-21T08:26:34.255487,HP-EB830G8-01,Windows-11-10.0.26100-SP0,Windows,11,10.0.26100,AMD64,"Intel64 Family 6 Model 140 Stepping 1, GenuineIntel",8,4,2611.0,2611.0,15.69,11.06,3.13.7,CPython,11th Gen Intel(R) Core(TM) i5-1145G7 @ 2.60GHz,X86_64,10000000,synthetic_logs_10M.parquet,parquet,1.0460392999957548,0.43382500000006985,0.23855819999880623,,0.625986400002148,0.5402821000025142,0.3953990000009071,,14.08938909999415,2.290771500003757,40.48122429999785,,1.5242981999981566,8.694235300004948,1.0237845000010566,,benchmark_02.py
2025-09-21T08:31:53.933486,HP-EB830G8-01,Windows-11-10.0.26100-SP0,Windows,11,10.0.26100,AMD64,"Intel64 Family 6 Model 140 Stepping 1, GenuineIntel",8,4,2611.0,2611.0,15.69,9.84,3.13.7,CPython,11th Gen Intel(R) Core(TM) i5-1145G7 @ 2.60GHz,X86_64,10000000,synthetic_logs_10M.parquet,parquet,0.9623318999947514,0.30666390000260435,0.2597318999978597,,0.8301344999999856,0.39850669999577804,0.4371037999953842,,12.399035499998718,2.0620533999972395,37.671141899998474,,1.5959081999972113,8.178485200005525,0.8440547999998671,,benchmark_modular.py
